,Name,Lat,Lon,Category
0,Avalon Fuel,40.495759,-80.066508,Convenience Store
1,Ez Energy #303/7Eleven #36183H,40.545418,-80.194152,Convenience Store
2,EZ Energy #311 / 7 Eleven #36191H,40.510522,-80.094268,Convenience Store
3,Getgo #3646 / Crafton - Ingram,41.203322,-77.194525,Convenience Store
4,Mt NeBlvd Texaco,40.553281,-80.109158,Convenience Store
5,Radokovic Marathon,40.367923,-79.780429,Convenience Store
6,Sunoco #7544,40.494177,-80.267208,Convenience Store
7,Sunoco A Plus Mini Market #8154,40.370214,-79.913195,Convenience Store
8,Plow & Hearth,40.440641,-80.149132,Convenience Store
9,S & R Market,40.529076,-80.025577,Convenience Store
10,EZ Energy #307 / 7 Eleven #36187H,40.590622,-79.948086,Convenience Store
11,Mega Deli,40.416874,-79.839453,Convenience Store
12,Sheetz #500,40.552928,-80.115508,Convenience Store
13,7 Eleven #35968H,40.396638,-77.026583,Convenience Store
14,7 Eleven #36143A,40.442813,-80.001884,Convenience Store
15,A & E Deli Food Mart,40.41739,-79.986525,Convenience Store
16,Al's Market,40.407271,-79.875462,Convenience Store
17,Alstan Mini Mart,40.426703,-79.788569,Convenience Store
18,American Joe's,40.340154,-79.859937,Convenience Store
19,American Natural,40.430917,-80.001402,Convenience Store
20,Avalon Mart,40.501336,-80.067941,Convenience Store
21,AW Food Express / Sunoco,40.540809,-79.807543,Convenience Store
22,Bett's Market,40.455264,-79.888216,Convenience Store
23,Cash & Carry,40.540405,-80.036133,Convenience Store
24,Cash & Carry Convenience Store,40.477508,-79.75943,Convenience Store
25,Clairton Mini Mart,40.290634,-79.883992,Convenience Store
26,Clairton Mini-Mart,40.293214,-79.88689,Convenience Store
27,Co Go's #1780,40.386385,-79.902763,Convenience Store
28,Co Go's #346,40.38845,-79.90976,Convenience Store
29,Co Go's #805,40.427102,-79.938593,Convenience Store
30,Co Go's #820,40.279791,-80.001782,Convenience Store
31,CR Petroleum,47.15441,-2.172958,Convenience Store
32,De Carlo Fruit Market,40.276563,-79.878044,Convenience Store
33,Edgewood Avenue Express,40.430663,-79.884352,Convenience Store
34,Edna's Market & Deli @ Northview Heights,40.478135,-80.000449,Convenience Store
35,Everest Food,40.336174,-79.972625,Convenience Store
36,Express Mini Mart,40.374467,-79.975539,Convenience Store
37,Fa's Market,40.404138,-79.861887,Convenience Store
38,Fuel On # 25,40.455308,-79.931608,Convenience Store
39,Fueland,40.518217,-80.222543,Convenience Store
40,Fueland #220,40.427276,-79.836019,Convenience Store
41,GetGo #3108,40.457119,-79.877698,Convenience Store
42,GetGo #3109,40.380961,-79.8115,Convenience Store
43,Glassmere Food Mart #252,40.595044,-79.76881,Convenience Store
44,Homestead Food Mart,40.407623,-79.909613,Convenience Store
45,Honey Bear / Spee-D Mart,40.349519,-79.891481,Convenience Store
46,International Food Emporium,40.367213,-79.984027,Convenience Store
47,Janoski's Farm Market,40.559221,-80.437686,Convenience Store
48,Jeets Sunoco,40.513271,-80.030768,Convenience Store
49,Jimit Sunoco,40.358373,-79.831701,Convenience Store
50,Jodha Exxon,40.510927,-79.993984,Convenience Store
51,Kolos International Food,40.406902,-80.087614,Convenience Store
52,Kwik E Mart,40.444199,-79.995537,Convenience Store
53,Large Sunoco,40.307385,-79.935894,Convenience Store
54,Marathon McKeesport,40.351443,-79.857948,Convenience Store
55,Maruti Convience,40.35267,-79.825732,Convenience Store
56,Mary's & Rick's,40.403354,-80.089813,Convenience Store
57,Murray's Exxon,40.44133,-79.877715,Convenience Store
58,NeighBlvdrhood Dollar,40.351125,-79.863412,Convenience Store
59,New Eagle Mart,40.441932,-80.001828,Convenience Store
60,Noble Mart,40.420651,-79.885465,Convenience Store
61,Oak Hill Market,40.44356,-79.969922,Convenience Store
62,One Stop Mini Mart,40.432851,-79.914965,Convenience Store
63,Phil's Citgo,40.509195,-80.029331,Convenience Store
64,Pitt Stop Express,40.363956,-80.086425,Convenience Store
65,Pittsburgh Asian Market / Ou's International Co,40.443558,-79.884328,Convenience Store
66,Quicky Mart,40.380538,-80.04456,Convenience Store
67,RN Market,40.457254,-79.925206,Convenience Store
68,Rte #286 Exxon,40.471469,-79.986604,Convenience Store
69,Safi Market,40.403187,-79.90342,Convenience Store
70,SAI Sunoco,40.642437,-79.710438,Convenience Store
71,Sam Blvdk Korean Grocery,40.450358,-79.985099,Convenience Store
72,Sheetz #582,40.434846,-79.73331,Convenience Store
73,Shell North Versailles,40.450809,-80.199382,Convenience Store
74,Sheraden Mini Mart,40.431433,-79.861903,Convenience Store
75,Shop N Go,40.428336,-79.973438,Convenience Store
76,Speedway #2917,40.397285,-79.768965,Convenience Store
77,Stop n Shop,40.502514,-79.810806,Convenience Store
78,Sunoco,40.351981,-79.859689,Convenience Store
79,Sunoco #7139,40.516752,-79.959009,Convenience Store
80,Sunoco #7362,40.674019,-80.098542,Convenience Store
81,Sunoco #7430,40.434829,-80.06553,Convenience Store
82,Sunoco A Plus Mini Market,40.464292,-79.930226,Convenience Store
83,Sushi with Gusto,40.355489,-80.050351,Convenience Store
84,Sweet Peas Convenience Store,40.363119,-80.027195,Convenience Store
85,T-Blvdnes BP #02706,40.616571,-80.09131,Convenience Store
86,The Hot Spot,40.325977,-79.892457,Convenience Store
87,Uni-Mart,40.344889,-79.837515,Convenience Store
88,Uni-Mart #4682,40.292972,-79.874705,Convenience Store
89,Uni-Mart #94608,40.342269,-79.871278,Convenience Store
90,Victoria's Dairy,40.464324,-79.982206,Convenience Store
91,Z Corner Store,40.571307,-79.799218,Convenience Store
92,7 Eleven #36139A,40.368776,-80.037105,Convenience Store
93,7 Eleven #36154H,40.39224,-80.015038,Convenience Store
94,7 Eleven #36155,40.38276,-79.856971,Convenience Store
95,B & Z Deli,40.548903,-79.913913,Convenience Store
96,CVS / Pharmacy #258,40.451423,-80.134188,Convenience Store
97,EZ Energy #306 / 7 Eleven #36186H,40.559163,-79.959751,Convenience Store
98,EZ Energy #312 / 7 Eleven Store #36192H,40.328839,-79.945503,Convenience Store
99,Family Dollar #4675,40.374361,-79.846658,Convenience Store
100,Fast Grab & Go,40.442577,-80.186135,Convenience Store
101,Getgo #3280,40.538256,-79.961617,Convenience Store
102,Oakdale Mini Mart,40.442116,-80.201258,Convenience Store
103,Save N Go,40.63553,-79.939082,Convenience Store
104,Sheetz #123,40.614349,-79.946668,Convenience Store
105,Speedway #2903,40.43959,-80.093571,Convenience Store
106,TJ's Deli Mart #2,40.448456,-80.142616,Convenience Store
107,Tonidale Marathon,40.443867,-80.174208,Convenience Store
108,Uni-Mart,40.501443,-80.175698,Convenience Store
109,EZ Energy #357 / 7 Eleven #36201H,40.612704,-80.054105,Convenience Store
110,$1 & Up,40.39374,-80.020522,Convenience Store
111,1 Stop Amish Deli & Gifts,40.367305,-79.779211,Convenience Store
112,3 D's Tobacco,40.441242,-79.958758,Convenience Store
113,5 GB's Fresh Foods,40.465482,-80.068211,Convenience Store
114,52nd Street Market,40.478808,-79.951957,Convenience Store
115,7 Eleven #106 36118A,40.44043,-79.99488,Convenience Store
116,7 Eleven #167,40.442605,-80.000205,Convenience Store
117,7 Eleven #2701-36160J,40.439202,-79.998948,Convenience Store
118,7 Eleven #36117H,40.527563,-79.988854,Convenience Store
119,7 Eleven #36121A,40.408809,-79.819096,Convenience Store
120,7 Eleven #36122A,40.50398,-79.948659,Convenience Store
121,7 Eleven #36123,40.5173,-80.148322,Convenience Store
122,7 Eleven #36126A,40.418082,-80.045137,Convenience Store
123,7 Eleven #36127A,40.46957,-80.100321,Convenience Store
124,7 Eleven #36128,40.321948,-79.994895,Convenience Store
125,7 Eleven #36134,40.443016,-79.95494,Convenience Store
126,7 Eleven #36135,40.328211,-80.125669,Convenience Store
127,7 Eleven #36138H,40.581679,-80.056061,Convenience Store
128,7 Eleven #36140A,40.451235,-80.019102,Convenience Store
129,7 Eleven #36144A,40.655507,-80.086794,Convenience Store
130,7 Eleven #36146A,40.440324,-80.00103,Convenience Store
131,7 Eleven #36152A,40.27325,-79.896205,Convenience Store
132,7 Eleven #36159A,40.594933,-79.993623,Convenience Store
133,7 Eleven #36193A,40.416791,-80.044676,Convenience Store
134,7 Eleven Store #36131-A,40.445258,-80.066088,Convenience Store
135,7-Eleven #36124,40.363734,-79.967563,Convenience Store
136,A & K Convenience Store,40.436402,-79.95436,Convenience Store
137,A & M Market,40.435709,-79.882673,Convenience Store
138,Abby's,40.444968,-79.971576,Convenience Store
139,Abe's Market,40.442818,-79.980847,Convenience Store
140,Aden Market,40.457262,-80.006901,Convenience Store
141,Ak Schwartz Super Market,40.438518,-79.979264,Convenience Store
142,Alfreds Deli & Market,40.456775,-79.968396,Convenience Store
143,Allegheny City Market,40.457244,-80.009625,Convenience Store
144,Allison Park Mini Market,40.566346,-79.999275,Convenience Store
145,American Natural #12,40.397648,-79.902718,Convenience Store
146,American Natural #14,40.614788,-80.098656,Convenience Store
147,American Natural #2,40.487385,-79.919823,Convenience Store
148,American Natural #5,40.32561,-79.839633,Convenience Store
149,American Natural #9,40.310955,-79.824816,Convenience Store
150,Anlauf's Sunoco,40.463141,-79.824297,Convenience Store
151,Ann's Market,40.448314,-79.975214,Convenience Store
152,Anytime Market,40.472941,-80.074361,Convenience Store
153,Arnold's Market,40.515253,-80.045024,Convenience Store
154,Arrowhead Snack Bar,40.267835,-79.812587,Convenience Store
155,Azhar's Sunoco,40.482373,-79.809518,Convenience Store
156,Bailie Food Mart,40.341159,-79.848683,Convenience Store
157,Bakers Dairy,40.454003,-79.895663,Convenience Store
158,Bay Valley Foods Bldg #230 - Co. Store,40.455278,-79.989036,Convenience Store
159,Beccari Farm Market,40.373971,-80.133093,Convenience Store
160,Bell's Market,40.403331,-79.868202,Convenience Store
161,Ben Avon Mini Mart,40.503809,-80.075415,Convenience Store
162,Bhangal Mcknight,40.506003,-80.007421,Convenience Store
163,Big Daddy's,40.437655,-79.995074,Convenience Store
164,Bizi Mart,40.428206,-79.974793,Convenience Store
165,Blue Eagle Market,40.472971,-80.07416,Convenience Store
166,Blvdb's Exxon,40.633564,-79.713801,Convenience Store
167,BP / Bloomfield,40.462645,-79.95682,Convenience Store
168,BP Connect,40.452448,-80.133194,Convenience Store
169,BP Fueland #228,40.395391,-79.986501,Convenience Store
170,BP Gas Station,40.490782,-79.971815,Convenience Store
171,BP Gas Station #36182,40.489314,-79.882457,Convenience Store
172,BP Oil,40.351205,-79.86532,Convenience Store
173,BP Oil #07414,40.495669,-80.00773,Convenience Store
174,BP Oil #67315,40.402949,-80.041463,Convenience Store
175,BP South Braddock,40.426943,-79.890856,Convenience Store
176,BP Stop & Go,40.42596,-79.8345,Convenience Store
177,BP/ BFS Foods #64,40.436011,-79.773069,Convenience Store
178,BP/ Fueland #216,40.437049,-79.873803,Convenience Store
179,Broadway Dairy Mart,40.46921,-80.068713,Convenience Store
180,Broadway Market,40.467589,-80.067325,Convenience Store
181,Bryant Street Market,40.475878,-79.91957,Convenience Store
182,C & C News & Snax,40.440491,-80.00349,Convenience Store
183,CeeBee Market,40.4158,-79.987353,Convenience Store
184,Center Point Convenience,40.492315,-80.0217,Convenience Store
185,Cheneh A - Plus Mini Mart,40.478309,-79.956214,Convenience Store
186,Christy's Market,40.50358,-79.937308,Convenience Store
187,Chuong's Market,40.417017,-79.975536,Convenience Store
188,CIO Stores #14,40.363565,-80.086297,Convenience Store
189,Circle K #4200,40.471598,-80.02729,Convenience Store
190,Circle K #4201,40.494777,-79.936723,Convenience Store
191,Circle K #4202,40.467553,-79.964223,Convenience Store
192,Circle K #4235,40.441153,-80.240396,Convenience Store
193,City News & Arcade,40.43978,-80.000753,Convenience Store
194,Co Go #1808,40.392358,-80.017326,Convenience Store
195,Co Go's #1817,40.383403,-79.977468,Convenience Store
196,Co Go's #321,40.327631,-80.031909,Convenience Store
197,Co Go's #322,40.357225,-80.110748,Convenience Store
198,Co Go's #329,40.429065,-79.874667,Convenience Store
199,Co Go's #338,40.37061,-79.974834,Convenience Store
200,Co Go's #496,40.473124,-80.062598,Convenience Store
201,Co Go's #777,40.426751,-80.004641,Convenience Store
202,Co Go's #786,40.422453,-79.885302,Convenience Store
203,Co Go's #801,40.395816,-79.997403,Convenience Store
204,Co Go's #811,40.278022,-79.837547,Convenience Store
205,Co Go's #812,40.496714,-79.926033,Convenience Store
206,Co Go's #813,40.428967,-79.989023,Convenience Store
207,Co Go's #814,40.431339,-80.010762,Convenience Store
208,Co Go's #821,40.349044,-79.817798,Convenience Store
209,Cochran A-Plus Sunoco #60568,40.392207,-80.061257,Convenience Store
210,CoGo's #1493,40.497549,-80.058938,Convenience Store
211,CoGo's #1784,40.397238,-80.03548,Convenience Store
212,ComBlvd Mini Mart,40.368932,-79.914005,Convenience Store
213,Comet News,40.403638,-79.869559,Convenience Store
214,Coraopolis Fast Stop,40.51961,-80.166401,Convenience Store
215,Craft A-Plus,40.435614,-79.96088,Convenience Store
216,Croskey's Sunoco,40.498863,-79.85316,Convenience Store
217,Crossroads Service Center,40.376274,-79.894553,Convenience Store
218,Curry Hollow Sunoco,40.337461,-79.977244,Convenience Store
219,CVS / Pharmacy #10034,40.567824,-80.02325,Convenience Store
220,Daily Mart,40.422044,-79.991713,Convenience Store
221,Dar's General Store,40.465584,-80.06193,Convenience Store
222,Deurali Bazar Inc,40.414053,-79.988023,Convenience Store
223,DiLeo's Deli,40.609868,-79.741569,Convenience Store
224,Dipen Ent Inc / Marathon,40.365139,-80.019469,Convenience Store
225,DJ's Butcher Block,40.462454,-79.949999,Convenience Store
226,Dollar General #15784,40.298348,-79.993658,Convenience Store
227,Dollar Tree #00236,40.534703,-80.065129,Convenience Store
228,Dollar Tree #05038,40.521242,-80.004588,Convenience Store
229,Dollar Tree #06413,40.438817,-79.741022,Convenience Store
230,Dollar Tree #1272,40.521267,-80.219777,Convenience Store
231,Dollar Tree #4222,40.568368,-79.803954,Convenience Store
232,Dollar Tree #4287,40.440254,-80.071174,Convenience Store
233,Double Car Wash,40.351707,-79.829165,Convenience Store
234,DuBlvdis B P II,40.359269,-79.907848,Convenience Store
235,DuBlvdis BP,40.428491,-79.988222,Convenience Store
236,East Park News,40.453472,-80.001337,Convenience Store
237,Eddies Snacks & Smokes,40.440665,-80.000665,Convenience Store
238,Eden's Market,40.380757,-80.044191,Convenience Store
239,Eiben Services,40.385355,-79.973001,Convenience Store
240,Elizabeth BP,40.274669,-79.883592,Convenience Store
241,Els Convenience Stop,40.442694,-79.867069,Convenience Store
242,Ethnic Foods,40.420038,-79.928022,Convenience Store
243,Etna Express,40.498662,-79.944097,Convenience Store
244,Express Mini Mart @ BP Fueland,40.533915,-80.053035,Convenience Store
245,Express Uni-Mart,40.324988,-79.957677,Convenience Store
246,Exxon Cheswick,40.540678,-79.814181,Convenience Store
247,EZ Energy #305 / 7 Eleven #36185H,40.42805,-80.053313,Convenience Store
248,EZ Energy #308 / 7 Eleven #36188H,40.521671,-80.005583,Convenience Store
249,EZ Energy #309 / 7 Eleven Store #36189H,40.293358,-80.031019,Convenience Store
250,EZ Energy #315 / 7 Eleven #36195H,40.474295,-80.094876,Convenience Store
251,EZ Energy #354 / 7 Eleven #36199H,40.544999,-80.035607,Convenience Store
252,EZ Energy #361 / 7 Eleven #36205H,40.484089,-79.818876,Convenience Store
253,Family Dollar #7199,40.443703,-79.980664,Convenience Store
254,Fast Eddie's Food-N-Fuel / G-Man Pizza & Deli,40.493478,-80.306274,Convenience Store
255,Fast Stop,40.54535,-80.218291,Convenience Store
256,Forbes Ave Market,40.437573,-79.977418,Convenience Store
257,Fourth St Market,40.407309,-79.869172,Convenience Store
258,Frankstown Shell,40.458838,-79.90757,Convenience Store
259,Fratangelo Garden,40.525828,-80.224015,Convenience Store
260,Frick Park Market,40.447214,-79.905123,Convenience Store
261,Friend's Shell Food Shop,40.458897,-79.932637,Convenience Store
262,Fueland,40.473586,-80.063464,Convenience Store
263,Fueland #1,40.402631,-79.917951,Convenience Store
264,Fulland Green Tree,40.426565,-80.056017,Convenience Store
265,Gaby Et Jules @ Market Street Grocery,40.441173,-80.002364,Convenience Store
266,Garfield Hill Market,40.467559,-79.93441,Convenience Store
267,Gas n' At,40.366344,-79.871442,Convenience Store
268,Get Go #3205,40.409689,-80.082978,Convenience Store
269,Get It Quick,40.44872,-79.780666,Convenience Store
270,Getgo # 3003,40.423126,-79.960079,Convenience Store
271,Getgo #3021,40.545311,-80.016893,Convenience Store
272,GetGo #3038,40.429982,-79.923159,Convenience Store
273,GetGo #3043,40.631618,-80.055692,Convenience Store
274,GetGo #3060,40.435393,-79.77265,Convenience Store
275,GetGo #3102,40.396745,-80.084329,Convenience Store
276,Getgo #3106,40.444932,-79.88936,Convenience Store
277,GetGo #3107,40.468733,-79.961717,Convenience Store
278,GetGo #3117,40.427557,-79.980338,Convenience Store
279,GetGo #3128,40.331327,-80.02207,Convenience Store
280,GetGo #3140,40.440985,-79.742885,Convenience Store
281,GetGo #3172,40.488003,-79.883677,Convenience Store
282,Getgo #3185,40.382719,-79.868215,Convenience Store
283,GetGo #3188,40.361538,-79.932066,Convenience Store
284,GetGo #3486,40.506894,-79.843134,Convenience Store
285,Getgo #3487,40.51415,-79.95942,Convenience Store
286,GetGo #3488,40.546976,-80.02915,Convenience Store
287,Getgo #3489,40.555705,-79.971377,Convenience Store
288,Getgo #3600,40.338101,-79.807652,Convenience Store
289,GetGo #3616,40.372147,-79.981536,Convenience Store
290,Getgo #3641,40.173242,-80.24199,Convenience Store
291,Getgo #3642,40.518266,-80.218658,Convenience Store
292,Getgo #3691,40.643031,-79.937868,Convenience Store
293,Getgo Elizabeth #3005,40.264741,-79.879445,Convenience Store
294,Glassmere Fuel Service #205,40.629201,-79.855635,Convenience Store
295,Good News,40.443227,-80.004835,Convenience Store
296,Greyhound Frankstown Sunoco A Plus,40.460783,-79.913953,Convenience Store
297,Gulf Gas Station - Bridgeville,40.357899,-80.110312,Convenience Store
298,Hampton Sunoco,40.596714,-79.948208,Convenience Store
299,Hanini Market,40.476384,-80.031944,Convenience Store
300,Hanini Market,40.395204,-79.839383,Convenience Store
301,Hanini Market/ Hanini Subs,40.439089,-79.878795,Convenience Store
302,Happy Minimart,40.535015,-80.229455,Convenience Store
303,Happy Minimart,40.369823,-79.8292,Convenience Store
304,Harvest Valley Farms,40.663894,-79.934941,Convenience Store
305,Harv's Shell Station,40.466959,-80.025229,Convenience Store
306,Homewood's Quik Pick,40.45752,-79.8961,Convenience Store
307,Honey Bear/Spee-D Mart #223,40.418907,-79.848982,Convenience Store
308,In & Out Market,40.474126,-80.057105,Convenience Store
309,Indian Grocery Oakland,40.4451,-79.948482,Convenience Store
310,J & K Plus Store #102,40.426262,-79.841255,Convenience Store
311,J & S Food Mart,40.37177,-79.851733,Convenience Store
312,J J's Deli Mart,40.345639,-79.849166,Convenience Store
313,J&M Dariette,40.292983,-79.881361,Convenience Store
314,Jack's Market & Coffee Shop,40.408016,-79.909637,Convenience Store
315,Jade 99 Asian Supermaket,40.451847,-79.982434,Convenience Store
316,Jessie's Westside Market,40.454017,-80.05974,Convenience Store
317,J-N-J Convenience Store,40.452605,-79.964261,Convenience Store
318,Joes Butcher Shop,40.401989,-79.777692,Convenience Store
319,K-2 Convenience Store,40.464939,-79.94488,Convenience Store
320,Ken's Grocery,40.420099,-79.997633,Convenience Store
321,Kiev International Food,40.422509,-79.928598,Convenience Store
322,Kubaa Oriental Grocery,40.453617,-79.998695,Convenience Store
323,Kudla's Service Center,40.327631,-80.031909,Convenience Store
324,Kwik Fill #239 S0001,40.563829,-80.227708,Convenience Store
325,Kwik Fill S0171,40.516465,-79.842597,Convenience Store
326,L A Grocery,40.465579,-79.914188,Convenience Store
327,L E Corner Store,40.461804,-79.907894,Convenience Store
328,Labad's Mediterranean Cafe & Grocery,40.450316,-79.985441,Convenience Store
329,Labriola Italian World,40.488444,-79.898703,Convenience Store
330,Last Minit Mart in Blawnox,40.491362,-79.865556,Convenience Store
331,Lebanon Shops Pharmacy,40.368707,-80.034816,Convenience Store
332,Le's Super Grocery Kart,40.463967,-79.932666,Convenience Store
333,Liberty News,40.441824,-80.001535,Convenience Store
334,Linea Verde - Green Market,40.462519,-79.950128,Convenience Store
335,Los Campos,40.625991,-80.054021,Convenience Store
336,Lovedale Valero,40.278924,-79.874895,Convenience Store
337,Lucky Bucks,40.429437,-80.008009,Convenience Store
338,Marathon Imperial Tri-State Petroleum #213,40.440899,-80.238239,Convenience Store
339,Marathon Tri-State Petroleum #201,40.419694,-80.04666,Convenience Store
340,Marathon Tri-State Petroleum #203,40.173242,-80.24199,Convenience Store
341,Marathon Tri-State Petroleum #219,40.439904,-79.95801,Convenience Store
342,Marathon Tri-State Petroleum #221,40.601875,-79.756348,Convenience Store
343,Marathon Tri-State Petroleum #222,40.537383,-79.839998,Convenience Store
344,Marathon Tri-State Petroleum #223,40.458544,-79.908615,Convenience Store
345,Marathon Tri-State Petroleum #224,40.464964,-79.95759,Convenience Store
346,Market on Middle,40.548525,-79.934689,Convenience Store
347,Marshall's Exxon,40.464747,-79.98595,Convenience Store
348,Mascari's Duncan Manor Exxon / Staks,40.565659,-79.9987,Convenience Store
349,Mash Mini Mart,40.443278,-79.773673,Convenience Store
350,Mauro's Exxon,40.477696,-79.784625,Convenience Store
351,McKees Rocks Sunoco A Plus,40.46336,-80.05625,Convenience Store
352,Meme's Market,40.46336,-79.991069,Convenience Store
353,Mike's Spot,40.461123,-79.811884,Convenience Store
354,Mini-Mitch Quick Stop,40.437105,-79.996495,Convenience Store
355,Morningside Market,40.485217,-79.92578,Convenience Store
356,Mr C's Convenience Store,40.516583,-80.02187,Convenience Store
357,Natoli's Market,40.661682,-80.003907,Convenience Store
358,Nelson Community Store,40.417031,-80.00607,Convenience Store
359,New Young's Oriental Grocery,40.42973,-79.922853,Convenience Store
360,Oakhill Convenient Store,40.439166,-79.966686,Convenience Store
361,OM Enterprise,40.383053,-80.020965,Convenience Store
362,On the Go Market,40.395561,-80.033092,Convenience Store
363,One Stop,40.434751,-79.954267,Convenience Store
364,Optima #1386,40.387172,-79.82252,Convenience Store
365,P & W Mini Mart,40.277157,-79.837797,Convenience Store
366,Parkway Service B P,40.426572,-80.022275,Convenience Store
367,ParMar Store #56,40.557547,-80.023367,Convenience Store
368,Penn Hills Sunoco,40.444181,-79.81354,Convenience Store
369,Penn Sunoco,40.465415,-79.955315,Convenience Store
370,People's Grocery,40.464646,-79.941379,Convenience Store
371,Perriello Produce,40.600196,-79.761249,Convenience Store
372,Pirollo's Delicatessen,40.489741,-79.819455,Convenience Store
373,Pitcairn Sunoco,40.401542,-79.778113,Convenience Store
374,Plum Convenience,40.476307,-79.778563,Convenience Store
375,Plum Sunoco,40.489993,-79.780528,Convenience Store
376,PNC C Store,40.441767,-80.000839,Convenience Store
377,PNK Store,40.456629,-80.002082,Convenience Store
378,Podmilsak's Market,40.542758,-79.814823,Convenience Store
379,Popeye's Mini Mart,40.653924,-79.839314,Convenience Store
380,Presto Qwik Stop,40.373335,-80.119033,Convenience Store
381,Prestogeorge Fine Foods,40.450211,-79.98572,Convenience Store
382,Produce Plus Market & Deli,40.494989,-80.054846,Convenience Store
383,Quick Stop,40.461868,-79.966514,Convenience Store
384,Quick Stop Sunoco,40.396477,-79.998692,Convenience Store
385,Quik Serv,40.50403,-80.061799,Convenience Store
386,R & M Variety Store,40.361839,-79.861016,Convenience Store
387,Red Paprika Foods,40.339959,-79.837052,Convenience Store
388,Reyes Tienda Mexicana,40.43699,-79.954397,Convenience Store
389,Rite Aid Pharmacies #10910,40.38208,-79.876636,Convenience Store
390,Rocks Express,40.471394,-80.064844,Convenience Store
391,Rockwell Market/Rockwell Hall @ Duquesne Univ.,40.436981,-79.990244,Convenience Store
392,Rossi's Market,40.481197,-80.130734,Convenience Store
393,Ruthfred Market,40.321783,-80.057607,Convenience Store
394,S & S Express Food Mart,40.494685,-79.932775,Convenience Store
395,Salem's Market,40.458405,-79.973699,Convenience Store
396,Samba Mini Mart,40.450651,-79.972121,Convenience Store
397,Sam's Market,40.438268,-79.982097,Convenience Store
398,Seoul Mart,40.447245,-79.947201,Convenience Store
399,SG Management Services,40.501966,-80.221436,Convenience Store
400,Shadyside Market,40.450679,-79.934926,Convenience Store
401,Sheetz #115,40.561828,-80.039532,Convenience Store
402,Sheetz #130,40.582036,-79.778802,Convenience Store
403,Sheetz #189,40.541803,-79.798793,Convenience Store
404,Sheetz #190,40.454908,-79.711646,Convenience Store
405,Sheetz #253,40.336173,-79.970867,Convenience Store
406,Sheetz #277,40.634005,-80.059307,Convenience Store
407,Sheetz #327,40.39754,-79.768583,Convenience Store
408,Sheetz #353,40.448,-80.157482,Convenience Store
409,Sheetz #360,40.437687,-79.774258,Convenience Store
410,Sheetz #376,40.320335,-79.942773,Convenience Store
411,Sheetz #379,40.503227,-80.222988,Convenience Store
412,Sheetz #459,40.526468,-79.817038,Convenience Store
413,Sheetz #468,40.43046,-79.811288,Convenience Store
414,Sheetz #476,40.514787,-80.009388,Convenience Store
415,Sheetz #515,40.350845,-80.022411,Convenience Store
416,Shenderovich In & Out Market,40.510035,-79.855995,Convenience Store
417,Shenot's Farm Market,40.625993,-80.079141,Convenience Store
418,Shop N Go One,40.362516,-79.907245,Convenience Store
419,Shuman's Market,40.457053,-79.89605,Convenience Store
420,Sil's,40.398362,-80.187505,Convenience Store
421,Smithfield News,40.43772,-80.000475,Convenience Store
422,Soergel's Orchards,40.61395,-80.092426,Convenience Store
423,Sophia's,40.331257,-79.845268,Convenience Store
424,Soup Du Jour,40.594321,-79.969859,Convenience Store
425,South Fayette Sunoco,40.357055,-80.119649,Convenience Store
426,South Park Convenience Store,40.330738,-79.987682,Convenience Store
427,Speedway #2900,40.427386,-79.718529,Convenience Store
428,Speedway #2901,40.443721,-79.767945,Convenience Store
429,Speedway #2902,40.419217,-79.92745,Convenience Store
430,Speedway #2905,40.526263,-79.842197,Convenience Store
431,Speedway #2906,40.369983,-79.786291,Convenience Store
432,Speedway #2910,40.511928,-80.131934,Convenience Store
433,Speedway #2911,40.333078,-79.812564,Convenience Store
434,Speedway #6503,40.353945,-79.837531,Convenience Store
435,Speedy Food Mart,40.513292,-80.153687,Convenience Store
436,St Clair Mini Mart,40.318801,-80.088453,Convenience Store
437,Stetor's Red Hot Dollar,40.324036,-79.892756,Convenience Store
438,Stop - N - Go,40.414006,-79.847312,Convenience Store
439,Stop N Shop,40.419144,-79.849932,Convenience Store
440,Sub Stop-Marathon,40.377249,-79.98595,Convenience Store
441,Sultan Bey,40.452112,-79.951943,Convenience Store
442,Sunoco,40.489247,-79.903111,Convenience Store
443,Sunoco #7144,40.449447,-79.950929,Convenience Store
444,Sunoco #7278,40.382679,-80.052638,Convenience Store
445,Sunoco #7279,40.366409,-80.014537,Convenience Store
446,Sunoco #7353,40.479566,-79.972147,Convenience Store
447,Sunoco #7359,40.636567,-79.942271,Convenience Store
448,Sunoco #7374,40.355642,-79.980084,Convenience Store
449,Sunoco #7375,40.45136,-80.000589,Convenience Store
450,Sunoco #7414,40.492161,-80.061419,Convenience Store
451,Sunoco #7416,40.511533,-79.946579,Convenience Store
452,Sunoco #7501,40.384197,-79.823629,Convenience Store
453,Sunoco #7508,40.364368,-80.109853,Convenience Store
454,Sunoco / Banksville,40.408932,-80.031892,Convenience Store
455,Sunoco / Brookline,40.395893,-80.022597,Convenience Store
456,Sunoco A Plus #7517,40.375975,-79.983538,Convenience Store
457,Sunoco A Plus Mini Market,40.391603,-80.038999,Convenience Store
458,Sunoco A Plus Mini Market,40.446748,-79.893321,Convenience Store
459,Sunoco A Plus Mini Market,40.338699,-79.959854,Convenience Store
460,Sunoco A Plus Mini Market,40.466264,-79.922323,Convenience Store
461,Sunoco A Plus Mini Market #7372,40.420313,-79.889086,Convenience Store
462,Sunoco A Plus Mini Mart,40.412254,-79.989191,Convenience Store
463,Sunoco A Plus Mini Mart,40.339782,-79.810729,Convenience Store
464,Sunoco A Plus Mini Mart,40.445465,-79.972421,Convenience Store
465,Sunoco A Plus Mini Mart #6968,40.449297,-79.827395,Convenience Store
466,Sunoco A-Plus Mini Market #7485,40.46105,-79.947308,Convenience Store
467,Sunoco Choice Tobacco & Food Mart,40.39172,-79.765819,Convenience Store
468,Sunoco Mini Market,40.572347,-80.036602,Convenience Store
469,Sunoco Mini Mart,40.51784,-80.220393,Convenience Store
470,Sunoco Mini Mart,40.417998,-79.986695,Convenience Store
471,Sunoco Mini Mart #0364070303,40.326526,-80.065544,Convenience Store
472,Sunrise Sunoco A Plus,40.495733,-79.97691,Convenience Store
473,Super Mart,40.475685,-80.100421,Convenience Store
474,Super One Convience Store,40.415715,-79.876671,Convenience Store
475,Super Stop,40.41182,-79.876268,Convenience Store
476,Taste Buds Convenience Store,40.429072,-80.00699,Convenience Store
477,The Elliott's Town Market,40.444006,-80.04029,Convenience Store
478,TJ's Deli Mart #1,40.371517,-80.229326,Convenience Store
479,Today's Market,40.51945,-79.842297,Convenience Store
480,Tokyo Japanese Food Store,40.457633,-79.929286,Convenience Store
481,Trail View,40.272498,-79.797693,Convenience Store
482,Triangle Mart,40.414525,-79.988346,Convenience Store
483,Uni-Mart,40.518311,-80.167154,Convenience Store
484,Uni-Mart,40.395132,-79.987094,Convenience Store
485,Uni-Mart,40.341799,-79.981533,Convenience Store
486,Uni-Mart,40.520986,-80.192876,Convenience Store
487,Uni-Mart,40.360136,-79.87158,Convenience Store
488,Uni-Mart,40.462532,-79.982963,Convenience Store
489,Uni-Mart,40.524583,-79.840752,Convenience Store
490,Uni-Mart #94634,40.408719,-79.991558,Convenience Store
491,Up Town Minimart,40.437327,-79.981323,Convenience Store
492,Valero / Sitaram Oil Corporation,40.422065,-79.88589,Convenience Store
493,Valero Gas / Bethel Park,40.321473,-80.057088,Convenience Store
494,Valero Provost,40.37529,-79.994278,Convenience Store
495,Verona Exxon,40.485246,-79.856075,Convenience Store
496,Verona Sunoco,40.489132,-79.819982,Convenience Store
497,Vitamin Gallery,40.511559,-79.945112,Convenience Store
498,W B Convenience,40.401268,-80.095411,Convenience Store
499,Wagner's Market,40.605057,-79.926116,Convenience Store
500,Walgreens #09043,40.538724,-79.963405,Convenience Store
501,Walgreens #09281,40.459326,-79.926757,Convenience Store
502,Walgreens #10282,40.58623,-80.043109,Convenience Store
503,Walgreens #10917,40.517729,-80.221197,Convenience Store
504,Walgreens #9345,40.461125,-79.841874,Convenience Store
505,Walgreens #9803,40.525375,-79.841699,Convenience Store
506,Welmart,40.667086,-79.712426,Convenience Store
507,West Liberty BP,40.405626,-80.018414,Convenience Store
508,West View Shell,40.4167,-77.197887,Convenience Store
509,West View Sunoco,40.520554,-80.025232,Convenience Store
510,Wm Penn Hwy Sunoco,40.430551,-79.81547,Convenience Store
511,WN Grocery,40.453283,-80.020292,Convenience Store
512,Zoscak's Food Market,40.350695,-79.874877,Convenience Store
513,Zozos Marathon,40.567233,-80.007372,Convenience Store
515,Aldi #92,40.342387,-79.984112,Supermarket
516,Aldi,40.477243,-79.785988,Supermarket
517,Aldi #56,40.415887,-79.848706,Supermarket
518,Aldi #68,40.571191,-79.952845,Supermarket
519,Aldi #72,40.383771,-80.014178,Supermarket
520,Aldi #81,40.173242,-80.24199,Supermarket
521,Aldi #89,40.34505,-79.84648,Supermarket
522,Aldi #93,40.536931,-80.013056,Supermarket
523,Aldi Store #97,40.407339,-79.912407,Supermarket
524,Aldi #96,40.397454,-80.085297,Supermarket
525,Shop 'n Save #1076 Mt. Washington,40.429437,-80.008009,Supermarket
526,Giant Eagle #605 Elizabeth Township,40.27992,-79.875571,Supermarket
527,Giant Eagle #652,40.451602,-79.999575,Supermarket
528,Shop 'n Save #0212100,22.335921,114.139154,Supermarket
529,Costco #332,40.458793,-80.16586,Supermarket
530,Costco #649,40.402736,-79.921653,Supermarket
531,Save A Lot / North Versailles,40.382204,-79.819697,Supermarket
532,Whitehall Asian Supermarket,40.363877,-79.967841,Supermarket
533,Donatelli's Italian Food Center,40.46207,-79.949355,Supermarket
534,Shop 'n Save,40.483141,-79.948537,Supermarket
535,East End Food Co-Op,40.448199,-79.895475,Supermarket
536,Kuhn's Market #7,40.517576,-80.216199,Supermarket
537,Kuhn's Market,40.522828,-80.006531,Supermarket
538,Kuhn's Market,40.593769,-80.006113,Supermarket
539,Kuhn's Market,40.427119,-79.834796,Supermarket
540,Family Food Center,40.39314,-79.986896,Supermarket
541,Giant Eagle #6379,40.412485,-79.910258,Supermarket
542,Giant Eagle #0004,40.33883,-80.024575,Supermarket
543,Giant Eagle #0015,40.371962,-79.786944,Supermarket
544,Giant Eagle #0052,40.521533,-80.069181,Supermarket
545,Giant Eagle #0073,40.33967,-79.949746,Supermarket
546,Giant Eagle #068,40.491695,-80.198665,Supermarket
547,Giant Eagle #17,40.460094,-79.923852,Supermarket
548,Giant Eagle #2,40.467816,-80.097642,Supermarket
549,Giant Eagle #24,40.173242,-80.24199,Supermarket
550,Giant Eagle #25,40.516789,-80.038918,Supermarket
551,Giant Eagle #29,40.350968,-79.913673,Supermarket
552,Giant Eagle #31,40.357456,-80.002268,Supermarket
553,Giant Eagle #35,40.392634,-80.065436,Supermarket
554,Giant Eagle #37,40.561532,-80.205346,Supermarket
555,Giant Eagle #38,40.435676,-79.92248,Supermarket
556,Giant Eagle #45,40.584311,-80.038848,Supermarket
557,Giant Eagle #47 / Market District Robinson,40.440641,-80.149132,Supermarket
558,Giant Eagle #60,40.432471,-79.751203,Supermarket
559,Giant Eagle #61,40.431009,-79.976705,Supermarket
560,Giant Eagle #63,40.422266,-79.929584,Supermarket
561,Giant Eagle #64,40.347243,-79.83109,Supermarket
562,Giant Eagle #65,40.489185,-80.044203,Supermarket
563,Giant Eagle #67,40.557915,-80.023156,Supermarket
564,Giant Eagle #74,40.211943,-76.769826,Supermarket
565,Giant Eagle #76,40.438817,-79.741022,Supermarket
566,Giant Eagle #77,40.436883,-79.857683,Supermarket
567,Giant Eagle #78,40.462359,-79.826919,Supermarket
568,Giant Eagle / Market District Pine #43,40.632132,-80.054286,Supermarket
569,Giant Eagle / Market District Shadyside #40,40.456537,-79.934434,Supermarket
570,Giant Eagle / Market District South Hills #14,40.347078,-80.046641,Supermarket
571,Giant Eagle / Market District Waterworks #72,40.488233,-79.893913,Supermarket
572,Giant Eagle Express #5103,40.537858,-79.838724,Supermarket
573,Giant Eagle #18,40.537733,-79.965145,Supermarket
574,Shop 'n Save / Gibsonia,40.631549,-79.952845,Supermarket
575,GFS Marketplace,40.333786,-79.947122,Supermarket
576,Gordon Food Service,40.431969,-79.800107,Supermarket
577,Shop 'n Save Penn Hills,40.475924,-79.78621,Supermarket
578,Shop 'n Save,40.471465,-79.986641,Supermarket
579,Giant Eagle #697,40.462692,-79.865275,Supermarket
580,Duquesne Save A Lot,40.374756,-79.846986,Supermarket
581,Shop 'n Save,40.36758,-80.017161,Supermarket
582,Food Shoppe,40.441526,-79.920551,Supermarket
583,Giant Eagle,40.425705,-79.886584,Supermarket
584,Shop 'n Save - Pines Plaza,40.401873,-77.019558,Supermarket
585,Shop 'n Save / Glenshaw #212403,40.51331,-79.950785,Supermarket
586,Shop 'n Save / Rochester,40.519816,-80.018098,Supermarket
587,Shop 'n Save / Shaler,40.497124,-79.969628,Supermarket
588,Shop 'n Save / Century Square,40.344781,-79.946778,Supermarket
589,Shop 'n Save / Noblestown #2412,40.430663,-80.051961,Supermarket
590,Shop 'n Save - Ross's Village,40.373678,-79.873734,Supermarket
591,Kuhn's Market,40.468566,-80.02666,Supermarket
592,Kuhn's Market,40.497135,-80.060313,Supermarket
593,Kuhn's Market #4,40.399677,-80.043413,Supermarket
594,Kuhn's Market,40.554967,-79.972178,Supermarket
595,Shop 'n Save,40.341084,-80.024743,Supermarket
596,Shop 'n Save - Wilkins Twp,40.43292,-79.817603,Supermarket
597,Shop 'n Save #0212404 Imperial,40.440192,-80.241214,Supermarket
598,Giant Eagle #646,40.440451,-80.072306,Supermarket
599,Shop 'n Save - Hill District,40.442146,-79.981719,Supermarket
600,Sam's Club #4952,40.565722,-79.803982,Supermarket
601,Sam's Club #6575,40.449585,-80.177954,Supermarket
602,Sam's Club #6677,40.436431,-79.799629,Supermarket
603,Sam's Club #6678,40.534232,-80.067889,Supermarket
604,Sam's Club #6679,40.343793,-79.949018,Supermarket
605,Save A Lot,40.321825,-79.834567,Supermarket
606,Giant Eagle Store #600,40.337364,-79.805396,Supermarket
607,Giant Eagle #641,40.367163,-80.110119,Supermarket
608,Wilkinsburg Save A Lot,40.442803,-79.884174,Supermarket
609,Shop 'n Save / Brownsville Road,40.404781,-79.990531,Supermarket
610,Shop 'n Save,40.321825,-79.834567,Supermarket
611,Shop 'n Save / Heidelberg,40.173242,-80.24199,Supermarket
612,Giant Eagle #1691,40.636471,-79.941762,Supermarket
613,Shop 'n Save,40.361016,-79.906553,Supermarket
614,Target #2757,40.460909,-79.921909,Supermarket
615,Target #2787,40.340135,-80.054802,Supermarket
616,Shop 'n Save / Russellton,40.60823,-79.833146,Supermarket
617,Trader Joe's #624,40.570437,-80.022243,Supermarket
618,Trader Joe's #638,40.459303,-79.919178,Supermarket
619,Trader Joe's #630,40.351139,-80.051011,Supermarket
620,Giant Eagle #695,40.498933,-79.818468,Supermarket
621,Wal-Mart Super Center #2281,40.341762,-79.946461,Supermarket
622,Wal-Mart Super Center #2300,40.447712,-80.176111,Supermarket
623,Wal-Mart Super Center #2588,40.38722,-79.8247,Supermarket
624,Wal-Mart Super Center #3738,40.646955,-79.713092,Supermarket
625,Wal-Mart Super Center #3838,40.564069,-79.804052,Supermarket
626,Whole Foods Market #53,40.45852,-79.928707,Supermarket
627,Whole Foods Wexford #10377,40.39721,-77.025796,Supermarket
628,Giant Eagle Market #616,40.366498,-79.9829,Supermarket
629,Save A Lot Crafton,40.44177,-80.087015,Supermarket
630,Shop 'n Save McKeesport,40.352,-79.856045,Supermarket
631,The Uncommon Market,40.348876,-80.052248,Supermarket
632,Market Outlet,40.4497,-79.985758,Supermarket
633,Karibu International Market LLC,40.378296,-79.991494,Supermarket
634,South Hills IGA,40.324262,-79.956892,Supermarket
635,Leonard Labriola's Italian Market,40.43557,-79.768914,Supermarket
636,Lamperts Deli Express,40.34505,-79.84648,Supermarket
637,Las Palmas,40.394595,-80.021685,Supermarket
638,Leonard Labriola's Italian Store,40.650509,-80.078238,Supermarket
639,Shursave,40.463648,-79.952803,Supermarket
640,Groceria Italiano,40.46186,-79.948546,Supermarket
641,Market on Broadway IGA / Las Palmas,40.410007,-80.024988,Supermarket
642,Market on Forbes IGA,40.440974,-79.958169,Supermarket
643,McGinnis Sisters Market,40.435043,-79.753389,Supermarket
644,McGinnis Sisters Market,40.369718,-79.98215,Supermarket
645,Murray Avenue Kosher,40.435463,-79.923124,Supermarket
646,Oriental Market,40.519802,-80.004493,Supermarket
647,Pakeeza,40.445986,-79.764292,Supermarket
648,Robert Wholey Co,40.450111,-79.985875,Supermarket
649,T-Bones,40.616651,-80.09284,Supermarket
650,The Fresh Market,40.355489,-80.050351,Supermarket
651,Two Louie's Market,40.446442,-79.991746,Supermarket
652,WFH / Wing Fat Hong Oriental Food Market,40.452797,-79.981077,Supermarket
653,Bombay Market,40.452129,-79.951792,Supermarket
654,Brownsville Food & Drinks,40.396851,-79.988112,Supermarket
655,Community Super Market,40.498635,-79.790045,Supermarket
656,Coraopolis Cash Market,40.518306,-80.162798,Supermarket
657,Gorkhali Store,40.392709,-79.987056,Supermarket
658,Patsy's Market,40.50669,-79.839699,Supermarket
659,Safrans Market,40.541022,-80.182322,Supermarket
660,Subha Laxmi Grocery,40.381398,-79.976585,Supermarket
661,Community Market,40.623319,-79.723879,Supermarket
662,GFS Marketplace,40.44177,-80.087015,Supermarket
663,Leonard Labriola Foods,40.484477,-79.81999,Supermarket
664,Aldi #69,40.551152,-80.021213,Supermarket
665,Aldi #77,40.39721,-77.025796,Supermarket
666,Aldi #79,40.426914,-79.96753,Supermarket
667,Aldi #80,40.458291,-79.935066,Supermarket
668,Wal-Mart #2603,40.623006,-79.946578,Supermarket
669,Wal-Mart #5040,40.173242,-80.24199,Supermarket
670,Wal-Mart #5339,40.488181,-79.888875,Supermarket
